,time,open,high,low,close,volume
0,2025-11-19 22:00:00+00:00,4073.65,4077.98,4072.27,4075.6,1198
1,2025-11-19 22:15:00+00:00,4075.82,4082.11,4075.82,4079.3,1211
2,2025-11-19 22:30:00+00:00,4079.3,4080.47,4074.5,4077.06,1250
3,2025-11-19 22:45:00+00:00,4077.11,4078.28,4072.34,4076.25,1241
4,2025-11-19 23:00:00+00:00,4076.24,4076.24,4071.41,4072.49,912
5,2025-11-19 23:15:00+00:00,4072.27,4077.39,4065.58,4076.78,1105
6,2025-11-19 23:30:00+00:00,4076.86,4084.68,4076.28,4080.24,985
7,2025-11-19 23:45:00+00:00,4080.49,4082.17,4076.97,4077.71,747
8,2025-11-20 01:00:00+00:00,4079.9,4089.67,4078.09,4088.07,1164
9,2025-11-20 01:15:00+00:00,4088.24,4091.03,4087.61,4088.16,699
10,2025-11-20 01:30:00+00:00,4088.12,4098.91,4085.89,4096.46,1029
11,2025-11-20 01:45:00+00:00,4096.58,4108.1,4096.55,4104.83,1254
12,2025-11-20 02:00:00+00:00,4104.81,4110.44,4102.72,4105.54,1218
13,2025-11-20 02:15:00+00:00,4105.48,4109.13,4105.19,4105.51,1084
14,2025-11-20 02:30:00+00:00,4105.58,4108.89,4101.5,4105.25,1069
15,2025-11-20 02:45:00+00:00,4105.09,4106.13,4100.53,4103.01,1152
16,2025-11-20 03:00:00+00:00,4103.02,4109.18,4096.71,4097.71,1334
17,2025-11-20 03:15:00+00:00,4097.63,4099.18,4092.49,4094.56,1215
18,2025-11-20 03:30:00+00:00,4094.47,4094.82,4088.37,4091.74,1214
19,2025-11-20 03:45:00+00:00,4091.7,4097.98,4081.05,4081.28,1253
20,2025-11-20 04:00:00+00:00,4081.22,4081.74,4059.05,4063.41,1438
21,2025-11-20 04:15:00+00:00,4063.42,4064.15,4040.22,4055.03,1407
22,2025-11-20 04:30:00+00:00,4055.68,4061.82,4053.59,4061.33,1236
23,2025-11-20 04:45:00+00:00,4061.63,4070.11,4060.22,4066.99,1222
24,2025-11-20 05:00:00+00:00,4067.0,4085.75,4066.28,4078.2,1326
25,2025-11-20 05:15:00+00:00,4078.21,4078.31,4072.9,4076.33,1160
26,2025-11-20 05:30:00+00:00,4076.76,4076.83,4065.02,4066.12,1099
27,2025-11-20 05:45:00+00:00,4065.92,4072.86,4064.88,4072.24,1110
28,2025-11-20 06:00:00+00:00,4072.38,4078.72,4068.43,4078.03,1076
29,2025-11-20 06:15:00+00:00,4078.06,4080.17,4076.17,4078.24,936
30,2025-11-20 06:30:00+00:00,4078.29,4079.65,4073.48,4076.57,827
31,2025-11-20 06:45:00+00:00,4076.56,4080.5,4074.83,4075.79,843
32,2025-11-20 07:00:00+00:00,4075.76,4076.09,4068.15,4071.37,1091
33,2025-11-20 07:15:00+00:00,4071.3,4074.03,4068.46,4069.62,952
34,2025-11-20 07:30:00+00:00,4069.23,4072.39,4064.68,4067.07,1223
35,2025-11-20 07:45:00+00:00,4066.79,4071.73,4066.32,4066.71,1048
36,2025-11-20 08:00:00+00:00,4066.33,4077.57,4065.0,4073.38,1251
37,2025-11-20 08:15:00+00:00,4073.25,4074.86,4058.6,4062.98,1250
38,2025-11-20 08:30:00+00:00,4063.04,4072.09,4061.29,4067.73,1225
39,2025-11-20 08:45:00+00:00,4067.76,4070.24,4063.43,4068.58,1227
40,2025-11-20 09:00:00+00:00,4068.39,4076.51,4065.54,4073.66,1180
41,2025-11-20 09:15:00+00:00,4073.65,4073.65,4059.99,4062.77,1185
42,2025-11-20 09:30:00+00:00,4063.31,4068.14,4058.54,4059.81,1104
43,2025-11-20 09:45:00+00:00,4059.73,4061.57,4054.01,4059.94,1176
44,2025-11-20 10:00:00+00:00,4059.34,4063.12,4042.45,4047.17,1364
45,2025-11-20 10:15:00+00:00,4047.05,4050.49,4038.55,4045.92,1319
46,2025-11-20 10:30:00+00:00,4046.21,4058.49,4044.15,4054.47,1327
47,2025-11-20 10:45:00+00:00,4054.51,4069.3,4052.01,4063.72,1297
48,2025-11-20 11:00:00+00:00,4063.56,4072.64,4063.46,4068.86,1308
49,2025-11-20 11:15:00+00:00,4068.47,4071.82,4059.09,4059.32,1219
50,2025-11-20 11:30:00+00:00,4059.39,4067.39,4055.66,4063.38,1175
51,2025-11-20 11:45:00+00:00,4063.37,4068.9,4059.89,4064.12,1120
52,2025-11-20 12:00:00+00:00,4064.21,4068.16,4059.0,4059.67,1095
53,2025-11-20 12:15:00+00:00,4059.58,4063.92,4058.18,4061.8,1065
54,2025-11-20 12:30:00+00:00,4061.48,4066.77,4061.25,4063.38,1022
55,2025-11-20 12:45:00+00:00,4063.35,4064.91,4058.28,4060.01,1050
56,2025-11-20 13:00:00+00:00,4059.91,4061.1,4053.99,4057.36,1097
57,2025-11-20 13:15:00+00:00,4056.96,4057.2,4051.22,4056.54,1131
58,2025-11-20 13:30:00+00:00,4056.51,4068.29,4054.53,4066.36,1158
59,2025-11-20 13:45:00+00:00,4066.55,4066.55,4056.62,4060.76,1145
60,2025-11-20 14:00:00+00:00,4060.34,4075.03,4060.14,4072.7,1194
61,2025-11-20 14:15:00+00:00,4072.75,4079.47,4069.67,4073.25,1172
62,2025-11-20 14:30:00+00:00,4073.28,4079.21,4072.9,4076.84,1089
63,2025-11-20 14:45:00+00:00,4076.91,4081.99,4074.38,4081.76,1159
64,2025-11-20 15:00:00+00:00,4081.79,4094.51,4081.56,4090.19,1361
65,2025-11-20 15:15:00+00:00,4090.3,4093.08,4083.53,4085.67,1297
66,2025-11-20 15:30:00+00:00,4085.78,4096.39,4066.79,4080.65,1581
67,2025-11-20 15:45:00+00:00,4080.51,4089.8,4073.11,4080.44,1440
68,2025-11-20 16:00:00+00:00,4080.27,4083.24,4072.02,4078.55,1418
69,2025-11-20 16:15:00+00:00,4078.35,4088.48,4078.35,4080.58,1358
70,2025-11-20 16:30:00+00:00,4080.55,4091.39,4074.68,4088.74,1496
71,2025-11-20 16:45:00+00:00,4088.92,4107.25,4086.53,4093.62,1464
72,2025-11-20 17:00:00+00:00,4093.31,4097.11,4082.59,4092.27,1468
73,2025-11-20 17:15:00+00:00,4092.16,4098.78,4086.44,4095.54,1381
74,2025-11-20 17:30:00+00:00,4095.95,4096.27,4075.09,4088.02,1421
75,2025-11-20 17:45:00+00:00,4088.04,4088.53,4070.45,4070.45,1359
76,2025-11-20 18:00:00+00:00,4070.32,4082.58,4068.64,4074.39,1400
77,2025-11-20 18:15:00+00:00,4074.32,4078.34,4062.64,4065.01,1426
78,2025-11-20 18:30:00+00:00,4064.23,4068.06,4057.84,4059.39,1450
79,2025-11-20 18:45:00+00:00,4058.97,4067.19,4044.94,4049.1,1462
80,2025-11-20 19:00:00+00:00,4048.38,4054.83,4043.85,4052.62,1479
81,2025-11-20 19:15:00+00:00,4052.35,4061.21,4050.49,4056.26,1410
82,2025-11-20 19:30:00+00:00,4056.14,4060.12,4049.37,4052.33,1292
83,2025-11-20 19:45:00+00:00,4052.15,4068.37,4051.62,4066.08,1415
84,2025-11-20 20:00:00+00:00,4065.72,4072.7,4064.7,4066.67,1388
85,2025-11-20 20:15:00+00:00,4066.45,4067.03,4056.28,4060.35,1386
86,2025-11-20 20:30:00+00:00,4060.5,4067.18,4057.64,4061.02,1388
87,2025-11-20 20:45:00+00:00,4060.94,4063.08,4056.51,4060.5,1306
88,2025-11-20 21:00:00+00:00,4060.36,4069.33,4058.89,4069.26,1315
89,2025-11-20 21:15:00+00:00,4069.06,4087.41,4066.51,4084.27,1406
90,2025-11-20 21:30:00+00:00,4084.26,4086.96,4079.37,4083.03,1288
91,2025-11-20 21:45:00+00:00,4083.02,4085.41,4080.33,4084.55,1255
92,2025-11-20 22:00:00+00:00,4084.72,4085.09,4074.03,4076.97,1325
93,2025-11-20 22:15:00+00:00,4077.18,4081.33,4074.11,4076.89,1307
94,2025-11-20 22:30:00+00:00,4077.33,4078.2,4073.36,4077.92,1257
95,2025-11-20 22:45:00+00:00,4077.67,4080.12,4073.54,4077.13,1341
96,2025-11-20 23:00:00+00:00,4076.81,4079.55,4074.27,4077.06,818
97,2025-11-20 23:15:00+00:00,4077.09,4080.95,4076.33,4078.99,673
98,2025-11-20 23:30:00+00:00,4078.98,4080.15,4076.57,4076.66,547
99,2025-11-20 23:45:00+00:00,4076.67,4079.73,4076.67,4077.15,497
100,2025-11-21 01:00:00+00:00,4074.64,4085.46,4072.81,4085.15,932
101,2025-11-21 01:15:00+00:00,4085.23,4086.01,4076.91,4081.03,715
102,2025-11-21 01:30:00+00:00,4081.06,4088.16,4079.69,4087.23,819
103,2025-11-21 01:45:00+00:00,4086.99,4088.62,4074.44,4078.9,1033
104,2025-11-21 02:00:00+00:00,4078.38,4081.12,4073.61,4079.53,922
105,2025-11-21 02:15:00+00:00,4079.57,4080.97,4071.77,4075.03,862
106,2025-11-21 02:30:00+00:00,4075.08,4080.01,4072.11,4079.06,1033
107,2025-11-21 02:45:00+00:00,4078.46,4079.66,4071.57,4073.82,1134
108,2025-11-21 03:00:00+00:00,4073.85,4073.85,4063.3,4064.56,1365
109,2025-11-21 03:15:00+00:00,4064.57,4068.67,4061.54,4061.88,1237
110,2025-11-21 03:30:00+00:00,4062.04,4064.67,4060.55,4063.97,1224
111,2025-11-21 03:45:00+00:00,4063.96,4074.3,4063.21,4068.45,1222
112,2025-11-21 04:00:00+00:00,4068.23,4075.53,4067.98,4073.5,1150
113,2025-11-21 04:15:00+00:00,4073.41,4075.17,4066.24,4073.46,1096
114,2025-11-21 04:30:00+00:00,4073.65,4079.89,4072.36,4073.32,1197
115,2025-11-21 04:45:00+00:00,4073.31,4073.58,4056.65,4057.23,1301
116,2025-11-21 05:00:00+00:00,4057.02,4059.23,4052.44,4056.79,1286
117,2025-11-21 05:15:00+00:00,4056.76,4058.17,4049.39,4052.42,1288
118,2025-11-21 05:30:00+00:00,4052.63,4057.49,4050.74,4054.69,1134
119,2025-11-21 05:45:00+00:00,4054.74,4059.34,4052.0,4056.24,1093
120,2025-11-21 06:00:00+00:00,4055.82,4062.32,4052.88,4055.28,1138
121,2025-11-21 06:15:00+00:00,4055.1,4060.58,4053.75,4059.8,1088
122,2025-11-21 06:30:00+00:00,4059.85,4060.51,4048.08,4050.7,1130
123,2025-11-21 06:45:00+00:00,4050.71,4052.6,4047.72,4052.16,997
124,2025-11-21 07:00:00+00:00,4052.35,4057.27,4051.45,4055.81,1089
125,2025-11-21 07:15:00+00:00,4055.94,4057.03,4052.9,4052.94,1046
126,2025-11-21 07:30:00+00:00,4053.59,4057.41,4048.08,4048.74,1236
127,2025-11-21 07:45:00+00:00,4048.76,4059.59,4040.08,4058.63,1329
128,2025-11-21 08:00:00+00:00,4059.0,4064.36,4051.89,4051.93,1262
129,2025-11-21 08:15:00+00:00,4051.97,4052.81,4030.58,4031.43,1321
130,2025-11-21 08:30:00+00:00,4031.91,4040.73,4029.46,4036.11,1314
131,2025-11-21 08:45:00+00:00,4035.62,4039.21,4032.66,4032.91,1209
132,2025-11-21 09:00:00+00:00,4032.76,4032.94,4024.84,4032.29,1260
133,2025-11-21 09:15:00+00:00,4032.63,4037.68,4030.48,4037.54,1189
134,2025-11-21 09:30:00+00:00,4037.53,4039.75,4032.06,4033.43,1192
135,2025-11-21 09:45:00+00:00,4033.53,4035.75,4029.25,4031.68,1266
136,2025-11-21 10:00:00+00:00,4030.96,4039.17,4022.61,4036.99,1375
137,2025-11-21 10:15:00+00:00,4037.01,4048.11,4033.99,4042.49,1351
138,2025-11-21 10:30:00+00:00,4042.41,4047.57,4040.9,4043.49,1227
139,2025-11-21 10:45:00+00:00,4043.33,4046.99,4038.76,4041.02,1224
140,2025-11-21 11:00:00+00:00,4040.26,4059.95,4040.23,4058.35,1277
141,2025-11-21 11:15:00+00:00,4058.36,4063.48,4054.08,4056.6,1264
142,2025-11-21 11:30:00+00:00,4056.17,4060.74,4049.61,4049.65,1286
143,2025-11-21 11:45:00+00:00,4049.54,4055.03,4048.34,4050.56,1223
144,2025-11-21 12:00:00+00:00,4050.83,4052.73,4035.27,4038.33,1279
145,2025-11-21 12:15:00+00:00,4038.73,4043.17,4032.63,4032.72,1363
146,2025-11-21 12:30:00+00:00,4032.44,4038.14,4032.39,4033.73,1299
147,2025-11-21 12:45:00+00:00,4033.63,4041.9,4033.22,4037.22,1312
148,2025-11-21 13:00:00+00:00,4037.09,4046.91,4035.66,4040.42,1292
149,2025-11-21 13:15:00+00:00,4040.45,4042.11,4037.14,4039.5,1246
150,2025-11-21 13:30:00+00:00,4039.65,4041.11,4035.17,4036.72,1225
151,2025-11-21 13:45:00+00:00,4036.7,4038.76,4031.07,4036.51,1253
152,2025-11-21 14:00:00+00:00,4036.48,4045.82,4034.79,4044.34,1303
153,2025-11-21 14:15:00+00:00,4044.32,4050.46,4041.25,4045.06,1324
154,2025-11-21 14:30:00+00:00,4044.1,4063.37,4044.1,4061.79,1471
155,2025-11-21 14:45:00+00:00,4061.84,4072.02,4060.83,4065.89,1380
156,2025-11-21 15:00:00+00:00,4066.38,4067.21,4059.03,4062.21,1389
157,2025-11-21 15:15:00+00:00,4062.37,4070.63,4059.97,4067.41,1390
158,2025-11-21 15:30:00+00:00,4067.37,4072.66,4066.32,4072.64,1323
159,2025-11-21 15:45:00+00:00,4072.64,4081.21,4072.5,4079.47,1358
160,2025-11-21 16:00:00+00:00,4079.55,4083.98,4071.65,4076.36,1379
161,2025-11-21 16:15:00+00:00,4076.25,4076.36,4064.08,4066.59,1361
162,2025-11-21 16:30:00+00:00,4065.21,4070.54,4061.6,4063.56,1473
163,2025-11-21 16:45:00+00:00,4063.03,4074.97,4062.22,4071.6,1418
164,2025-11-21 17:00:00+00:00,4071.75,4076.99,4066.53,4071.67,1428
165,2025-11-21 17:15:00+00:00,4071.77,4076.72,4067.54,4069.08,1407
166,2025-11-21 17:30:00+00:00,4068.34,4070.46,4055.15,4063.31,1465
167,2025-11-21 17:45:00+00:00,4063.42,4071.84,4062.61,4069.68,1411
168,2025-11-21 18:00:00+00:00,4069.49,4072.35,4063.15,4067.13,1379
169,2025-11-21 18:15:00+00:00,4067.2,4071.61,4064.24,4070.02,1381
170,2025-11-21 18:30:00+00:00,4069.93,4081.12,4069.71,4079.34,1360
171,2025-11-21 18:45:00+00:00,4079.57,4100.47,4076.37,4099.82,1460
172,2025-11-21 19:00:00+00:00,4098.95,4101.25,4083.1,4084.53,1427
173,2025-11-21 19:15:00+00:00,4084.59,4087.44,4079.05,4081.32,1377
174,2025-11-21 19:30:00+00:00,4081.48,4084.42,4079.37,4083.35,1327
175,2025-11-21 19:45:00+00:00,4083.33,4088.51,4080.9,4085.52,1269
176,2025-11-21 20:00:00+00:00,4085.45,4087.27,4080.06,4081.19,1314
177,2025-11-21 20:15:00+00:00,4081.15,4084.57,4079.19,4079.86,1292
178,2025-11-21 20:30:00+00:00,4079.12,4081.78,4076.43,4079.43,1278
179,2025-11-21 20:45:00+00:00,4079.68,4088.23,4079.23,4082.83,1338
180,2025-11-21 21:00:00+00:00,4083.51,4086.37,4082.72,4084.89,1243
181,2025-11-21 21:15:00+00:00,4084.73,4091.83,4084.39,4090.71,1210
182,2025-11-21 21:30:00+00:00,4090.75,4092.28,4085.34,4086.06,1198
183,2025-11-21 21:45:00+00:00,4085.82,4089.49,4084.45,4087.64,1215
184,2025-11-21 22:00:00+00:00,4087.64,4088.75,4080.45,4081.09,1226
185,2025-11-21 22:15:00+00:00,4081.07,4083.11,4068.24,4069.48,1310
186,2025-11-21 22:30:00+00:00,4068.67,4068.67,4056.5,4059.19,1408
187,2025-11-21 22:45:00+00:00,4059.24,4070.05,4055.14,4067.45,1410
188,2025-11-21 23:00:00+00:00,4067.25,4069.22,4054.55,4059.01,1039
189,2025-11-21 23:15:00+00:00,4059.43,4063.75,4056.97,4062.33,803
190,2025-11-21 23:30:00+00:00,4062.25,4066.83,4061.83,4065.04,782
191,2025-11-21 23:45:00+00:00,4065.02,4066.98,4062.8,4065.21,580
192,2025-11-24 01:00:00+00:00,4069.36,4077.76,4065.94,4075.15,1259
193,2025-11-24 01:15:00+00:00,4074.38,4077.48,4069.24,4070.72,1025
194,2025-11-24 01:30:00+00:00,4070.65,4072.17,4065.84,4070.03,1158
195,2025-11-24 01:45:00+00:00,4069.6,4076.75,4069.08,4075.19,1000
196,2025-11-24 02:00:00+00:00,4075.02,4076.2,4058.06,4062.33,1136
197,2025-11-24 02:15:00+00:00,4062.33,4064.71,4059.15,4062.98,898
198,2025-11-24 02:30:00+00:00,4062.87,4066.4,4061.96,4065.9,1073
199,2025-11-24 02:45:00+00:00,4065.99,4068.06,4063.92,4067.6,1021
200,2025-11-24 03:00:00+00:00,4068.18,4073.07,4051.42,4054.86,1429
201,2025-11-24 03:15:00+00:00,4054.72,4056.22,4050.01,4055.44,1296
202,2025-11-24 03:30:00+00:00,4055.6,4056.46,4050.56,4052.18,1273
203,2025-11-24 03:45:00+00:00,4052.14,4054.2,4042.64,4044.5,1272
204,2025-11-24 04:00:00+00:00,4044.09,4048.31,4043.43,4046.24,1204
205,2025-11-24 04:15:00+00:00,4046.19,4048.73,4045.86,4048.03,1037
206,2025-11-24 04:30:00+00:00,4047.96,4051.61,4045.15,4047.58,1208
207,2025-11-24 04:45:00+00:00,4047.56,4048.23,4040.7,4043.63,1203
208,2025-11-24 05:00:00+00:00,4043.73,4050.75,4043.73,4046.78,1192
209,2025-11-24 05:15:00+00:00,4046.82,4049.5,4044.7,4048.79,1104
210,2025-11-24 05:30:00+00:00,4048.83,4058.0,4048.83,4056.1,1172
211,2025-11-24 05:45:00+00:00,4056.14,4056.44,4048.39,4050.21,1068
212,2025-11-24 06:00:00+00:00,4050.18,4061.15,4049.48,4059.11,1127
213,2025-11-24 06:15:00+00:00,4059.18,4060.6,4048.58,4051.04,1173
214,2025-11-24 06:30:00+00:00,4051.0,4052.43,4045.04,4046.63,1160
215,2025-11-24 06:45:00+00:00,4046.63,4046.72,4042.39,4044.03,1072
216,2025-11-24 07:00:00+00:00,4044.52,4046.82,4042.91,4045.51,1078
217,2025-11-24 07:15:00+00:00,4045.69,4047.92,4039.89,4046.96,1195
218,2025-11-24 07:30:00+00:00,4047.29,4049.37,4042.35,4048.48,1203
219,2025-11-24 07:45:00+00:00,4048.57,4048.57,4041.4,4046.32,1233
220,2025-11-24 08:00:00+00:00,4046.3,4054.34,4045.28,4049.79,1308
221,2025-11-24 08:15:00+00:00,4049.7,4056.33,4047.94,4053.06,1208
222,2025-11-24 08:30:00+00:00,4053.2,4058.05,4052.55,4056.92,1152
223,2025-11-24 08:45:00+00:00,4056.93,4057.11,4052.17,4053.32,1219
224,2025-11-24 09:00:00+00:00,4053.33,4057.6,4051.46,4053.74,1264
225,2025-11-24 09:15:00+00:00,4053.85,4056.76,4051.97,4052.65,1160
226,2025-11-24 09:30:00+00:00,4052.58,4067.05,4052.48,4063.96,1326
227,2025-11-24 09:45:00+00:00,4063.89,4067.57,4058.25,4060.05,1185
228,2025-11-24 10:00:00+00:00,4059.68,4064.76,4059.68,4061.82,1312
229,2025-11-24 10:15:00+00:00,4062.19,4066.12,4059.55,4063.1,1296
230,2025-11-24 10:30:00+00:00,4063.01,4063.76,4060.08,4063.61,1226
231,2025-11-24 10:45:00+00:00,4063.54,4067.09,4062.48,4063.5,1172
232,2025-11-24 11:00:00+00:00,4063.24,4074.2,4063.13,4072.03,1289
233,2025-11-24 11:15:00+00:00,4071.97,4073.62,4066.79,4068.66,1315
234,2025-11-24 11:30:00+00:00,4068.47,4072.82,4067.56,4070.19,1220
235,2025-11-24 11:45:00+00:00,4070.25,4072.58,4065.68,4071.84,1208
236,2025-11-24 12:00:00+00:00,4071.89,4077.09,4070.8,4073.1,1196
237,2025-11-24 12:15:00+00:00,4073.23,4076.98,4068.44,4070.33,1234
238,2025-11-24 12:30:00+00:00,4070.12,4071.15,4066.21,4070.35,1233
239,2025-11-24 12:45:00+00:00,4070.38,4070.96,4063.53,4063.98,1078
240,2025-11-24 13:00:00+00:00,4063.99,4068.43,4063.18,4066.68,1114
241,2025-11-24 13:15:00+00:00,4066.63,4070.76,4066.5,4070.62,1095
242,2025-11-24 13:30:00+00:00,4070.82,4071.01,4067.14,4070.39,1168
243,2025-11-24 13:45:00+00:00,4070.41,4071.67,4069.06,4069.93,1128
244,2025-11-24 14:00:00+00:00,4070.12,4074.07,4065.89,4068.87,1199
245,2025-11-24 14:15:00+00:00,4068.74,4071.29,4067.43,4070.79,1118
246,2025-11-24 14:30:00+00:00,4070.78,4080.44,4070.72,4079.02,1281
247,2025-11-24 14:45:00+00:00,4079.28,4084.02,4077.23,4080.42,1288
248,2025-11-24 15:00:00+00:00,4080.62,4081.69,4075.87,4078.29,1378
249,2025-11-24 15:15:00+00:00,4078.27,4085.1,4077.36,4080.54,1279
250,2025-11-24 15:30:00+00:00,4080.48,4086.06,4074.89,4077.31,1334
251,2025-11-24 15:45:00+00:00,4077.23,4080.8,4073.71,4077.74,1319
252,2025-11-24 16:00:00+00:00,4077.93,4083.01,4075.95,4079.82,1329
253,2025-11-24 16:15:00+00:00,4080.03,4081.04,4074.1,4075.71,1244
254,2025-11-24 16:30:00+00:00,4075.13,4078.96,4068.49,4073.66,1505
255,2025-11-24 16:45:00+00:00,4073.57,4086.0,4072.24,4081.2,1471
256,2025-11-24 17:00:00+00:00,4081.26,4093.41,4081.26,4092.36,1473
257,2025-11-24 17:15:00+00:00,4092.81,4093.89,4087.38,4088.56,1474
258,2025-11-24 17:30:00+00:00,4088.07,4093.41,4087.03,4093.14,1409
259,2025-11-24 17:45:00+00:00,4093.24,4093.59,4089.66,4091.78,1353
260,2025-11-24 18:00:00+00:00,4091.96,4095.54,4089.72,4094.89,1375
261,2025-11-24 18:15:00+00:00,4094.87,4095.2,4092.06,4092.42,1293
262,2025-11-24 18:30:00+00:00,4092.31,4098.85,4092.08,4097.82,1349
263,2025-11-24 18:45:00+00:00,4097.92,4098.6,4094.97,4097.18,1288
264,2025-11-24 19:00:00+00:00,4097.55,4100.01,4091.71,4092.05,1338
265,2025-11-24 19:15:00+00:00,4092.07,4094.9,4089.13,4093.38,1329
266,2025-11-24 19:30:00+00:00,4093.49,4096.02,4092.61,4095.23,1162
267,2025-11-24 19:45:00+00:00,4095.22,4100.39,4092.63,4092.8,1236
268,2025-11-24 20:00:00+00:00,4092.91,4093.44,4087.99,4090.15,1218
269,2025-11-24 20:15:00+00:00,4090.1,4095.7,4089.52,4095.62,1215
270,2025-11-24 20:30:00+00:00,4095.7,4114.65,4095.62,4112.72,1356
271,2025-11-24 20:45:00+00:00,4112.67,4125.41,4110.33,4120.49,1372
272,2025-11-24 21:00:00+00:00,4120.38,4124.11,4116.63,4116.7,1278
273,2025-11-24 21:15:00+00:00,4116.86,4120.58,4114.85,4119.03,1241
274,2025-11-24 21:30:00+00:00,4119.32,4119.45,4114.09,4116.09,1147
275,2025-11-24 21:45:00+00:00,4116.11,4121.17,4115.88,4118.52,1108
276,2025-11-24 22:00:00+00:00,4118.43,4123.86,4117.95,4121.96,1183
277,2025-11-24 22:15:00+00:00,4121.98,4125.68,4121.25,4124.86,1125
278,2025-11-24 22:30:00+00:00,4124.87,4133.36,4124.71,4131.38,1270
279,2025-11-24 22:45:00+00:00,4131.43,4133.2,4128.73,4132.65,1188
280,2025-11-24 23:00:00+00:00,4132.54,4133.5,4130.18,4131.88,704
281,2025-11-24 23:15:00+00:00,4131.89,4133.15,4131.13,4132.31,564
282,2025-11-24 23:30:00+00:00,4132.29,4139.97,4131.23,4139.3,665
283,2025-11-24 23:45:00+00:00,4139.59,4139.83,4133.22,4134.57,794
284,2025-11-25 01:00:00+00:00,4135.3,4138.51,4125.14,4128.81,800
285,2025-11-25 01:15:00+00:00,4129.69,4133.32,4127.64,4131.14,945
286,2025-11-25 01:30:00+00:00,4131.15,4136.09,4128.68,4135.91,916
287,2025-11-25 01:45:00+00:00,4135.82,4144.36,4135.73,4143.87,1111
288,2025-11-25 02:00:00+00:00,4143.75,4144.33,4136.34,4136.34,1089
289,2025-11-25 02:15:00+00:00,4136.37,4140.34,4134.02,4135.49,1020
290,2025-11-25 02:30:00+00:00,4135.48,4137.1,4131.97,4135.05,1012
291,2025-11-25 02:45:00+00:00,4135.06,4136.29,4127.65,4129.43,1078
292,2025-11-25 03:00:00+00:00,4129.44,4136.01,4124.05,4128.34,1294
293,2025-11-25 03:15:00+00:00,4128.46,4128.83,4122.46,4127.42,1174
294,2025-11-25 03:30:00+00:00,4127.61,4139.19,4127.55,4136.68,1155
295,2025-11-25 03:45:00+00:00,4136.69,4137.47,4132.6,4134.75,1122
296,2025-11-25 04:00:00+00:00,4134.59,4141.96,4132.89,4136.7,1164
297,2025-11-25 04:15:00+00:00,4136.48,4145.76,4135.52,4144.72,1109
298,2025-11-25 04:30:00+00:00,4144.68,4152.4,4143.98,4152.06,1181
299,2025-11-25 04:45:00+00:00,4152.39,4155.61,4149.89,4151.33,1170
300,2025-11-25 05:00:00+00:00,4150.9,4150.9,4145.56,4146.02,1161
301,2025-11-25 05:15:00+00:00,4146.07,4147.65,4139.56,4145.34,1218
302,2025-11-25 05:30:00+00:00,4145.3,4145.63,4141.02,4144.91,1082
303,2025-11-25 05:45:00+00:00,4144.91,4145.52,4141.19,4143.27,956
304,2025-11-25 06:00:00+00:00,4143.02,4145.9,4139.59,4145.03,975
305,2025-11-25 06:15:00+00:00,4145.0,4147.89,4144.22,4146.16,1001
306,2025-11-25 06:30:00+00:00,4146.04,4148.38,4142.89,4145.56,950
307,2025-11-25 06:45:00+00:00,4145.22,4146.09,4140.27,4140.79,950
308,2025-11-25 07:00:00+00:00,4141.11,4148.07,4141.05,4146.71,911
309,2025-11-25 07:15:00+00:00,4146.68,4147.32,4142.78,4144.05,937
310,2025-11-25 07:30:00+00:00,4144.0,4147.25,4141.4,4146.57,1077
311,2025-11-25 07:45:00+00:00,4146.51,4152.13,4144.9,4150.95,1116
312,2025-11-25 08:00:00+00:00,4150.93,4151.96,4145.93,4147.29,1175
313,2025-11-25 08:15:00+00:00,4147.24,4149.01,4140.02,4140.95,1123
314,2025-11-25 08:30:00+00:00,4140.89,4143.61,4138.72,4139.7,1209
315,2025-11-25 08:45:00+00:00,4139.81,4143.25,4138.93,4141.6,1096
316,2025-11-25 09:00:00+00:00,4141.5,4146.06,4139.75,4140.42,1203
317,2025-11-25 09:15:00+00:00,4140.46,4143.42,4135.16,4136.9,1134
318,2025-11-25 09:30:00+00:00,4136.89,4138.68,4130.85,4137.25,1218
319,2025-11-25 09:45:00+00:00,4137.35,4139.19,4130.21,4132.53,1231
320,2025-11-25 10:00:00+00:00,4132.77,4136.17,4131.64,4134.33,1242
321,2025-11-25 10:15:00+00:00,4134.38,4139.63,4134.38,4136.41,1188
322,2025-11-25 10:30:00+00:00,4136.39,4136.7,4120.78,4127.42,1190
323,2025-11-25 10:45:00+00:00,4127.43,4128.01,4109.01,4116.12,1279
324,2025-11-25 11:00:00+00:00,4116.29,4128.45,4113.76,4126.84,1254
325,2025-11-25 11:15:00+00:00,4126.92,4130.63,4122.85,4124.72,1236
326,2025-11-25 11:30:00+00:00,4124.99,4131.25,4121.85,4127.91,1223
327,2025-11-25 11:45:00+00:00,4127.9,4130.36,4126.02,4128.46,1224
328,2025-11-25 12:00:00+00:00,4128.41,4137.63,4127.52,4137.22,1141
329,2025-11-25 12:15:00+00:00,4137.58,4138.7,4129.11,4130.91,1212
330,2025-11-25 12:30:00+00:00,4130.83,4133.33,4128.25,4132.05,1150
331,2025-11-25 12:45:00+00:00,4132.03,4134.39,4127.48,4131.25,1169
332,2025-11-25 13:00:00+00:00,4131.3,4134.92,4127.65,4134.71,1162
333,2025-11-25 13:15:00+00:00,4134.71,4137.23,4128.82,4132.38,1183
334,2025-11-25 13:30:00+00:00,4132.42,4133.97,4129.37,4132.6,1152
335,2025-11-25 13:45:00+00:00,4132.56,4134.11,4130.07,4133.43,1130
336,2025-11-25 14:00:00+00:00,4133.81,4137.24,4133.22,4135.82,1094
337,2025-11-25 14:15:00+00:00,4135.86,4138.71,4132.72,4132.86,1183
338,2025-11-25 14:30:00+00:00,4133.18,4136.88,4117.06,4117.06,1215
339,2025-11-25 14:45:00+00:00,4116.4,4130.04,4115.99,4129.94,1370
340,2025-11-25 15:00:00+00:00,4130.17,4140.04,4129.38,4138.61,1299
341,2025-11-25 15:15:00+00:00,4138.4,4146.49,4137.89,4142.0,1314
342,2025-11-25 15:30:00+00:00,4141.73,4150.88,4141.73,4145.77,1299
343,2025-11-25 15:45:00+00:00,4145.82,4149.93,4144.16,4147.87,1264
344,2025-11-25 16:00:00+00:00,4147.69,4148.75,4138.58,4142.73,1249
345,2025-11-25 16:15:00+00:00,4142.66,4143.15,4133.53,4134.26,1266
346,2025-11-25 16:30:00+00:00,4134.48,4137.63,4117.63,4119.4,1449
347,2025-11-25 16:45:00+00:00,4119.76,4126.15,4111.53,4124.98,1408
348,2025-11-25 17:00:00+00:00,4125.13,4131.83,4117.99,4129.19,1362
349,2025-11-25 17:15:00+00:00,4129.29,4133.77,4125.22,4128.08,1341
350,2025-11-25 17:30:00+00:00,4128.06,4133.3,4127.31,4130.6,1247
351,2025-11-25 17:45:00+00:00,4130.68,4132.72,4120.67,4123.09,1296
352,2025-11-25 18:00:00+00:00,4122.66,4131.6,4122.14,4131.22,1272
353,2025-11-25 18:15:00+00:00,4131.33,4141.45,4131.17,4140.38,1311
354,2025-11-25 18:30:00+00:00,4140.49,4141.11,4136.53,4140.12,1187
355,2025-11-25 18:45:00+00:00,4140.1,4140.39,4134.59,4136.28,1133
356,2025-11-25 19:00:00+00:00,4136.11,4153.32,4136.0,4150.26,1434
357,2025-11-25 19:15:00+00:00,4150.35,4153.89,4145.4,4149.83,1138
358,2025-11-25 19:30:00+00:00,4149.9,4159.28,4148.85,4152.46,1313
359,2025-11-25 19:45:00+00:00,4152.58,4153.41,4144.34,4146.09,1247
360,2025-11-25 20:00:00+00:00,4146.08,4150.73,4141.91,4145.74,1257
361,2025-11-25 20:15:00+00:00,4145.42,4147.08,4141.84,4142.36,1207
362,2025-11-25 20:30:00+00:00,4142.34,4145.37,4134.52,4139.14,1118
363,2025-11-25 20:45:00+00:00,4139.2,4141.2,4132.47,4134.53,1063
364,2025-11-25 21:00:00+00:00,4134.33,4140.27,4132.04,4138.35,1139
365,2025-11-25 21:15:00+00:00,4138.34,4138.69,4128.52,4129.95,1145
366,2025-11-25 21:30:00+00:00,4129.94,4133.55,4129.02,4132.34,1119
367,2025-11-25 21:45:00+00:00,4132.34,4134.1,4129.51,4133.75,1082
368,2025-11-25 22:00:00+00:00,4134.34,4138.43,4133.7,4136.55,1137
369,2025-11-25 22:15:00+00:00,4136.58,4137.96,4132.18,4132.33,1065
370,2025-11-25 22:30:00+00:00,4132.33,4136.41,4130.68,4135.4,1090
371,2025-11-25 22:45:00+00:00,4135.29,4135.29,4130.56,4132.21,1155
372,2025-11-25 23:00:00+00:00,4132.19,4132.43,4127.61,4131.87,749
373,2025-11-25 23:15:00+00:00,4131.79,4132.38,4129.56,4130.28,803
374,2025-11-25 23:30:00+00:00,4130.26,4132.41,4129.6,4131.31,430
375,2025-11-25 23:45:00+00:00,4131.28,4131.59,4129.21,4130.59,467
376,2025-11-26 01:00:00+00:00,4134.09,4135.66,4132.01,4133.24,516
377,2025-11-26 01:15:00+00:00,4133.29,4137.0,4131.99,4133.33,687
378,2025-11-26 01:30:00+00:00,4133.34,4135.51,4129.74,4134.01,785
379,2025-11-26 01:45:00+00:00,4133.86,4133.86,4131.24,4133.5,640
380,2025-11-26 02:00:00+00:00,4133.74,4139.97,4132.71,4138.63,911
381,2025-11-26 02:15:00+00:00,4138.5,4142.68,4137.73,4141.88,938
382,2025-11-26 02:30:00+00:00,4141.82,4142.41,4137.99,4139.75,969
383,2025-11-26 02:45:00+00:00,4139.77,4144.39,4134.78,4142.92,1090
384,2025-11-26 03:00:00+00:00,4142.66,4145.58,4138.71,4140.44,1210
385,2025-11-26 03:15:00+00:00,4140.37,4147.29,4140.37,4144.97,1129
386,2025-11-26 03:30:00+00:00,4144.97,4151.49,4143.25,4150.35,1208
387,2025-11-26 03:45:00+00:00,4150.31,4152.87,4148.07,4148.43,1136
388,2025-11-26 04:00:00+00:00,4148.37,4153.55,4147.34,4150.56,1221
389,2025-11-26 04:15:00+00:00,4150.41,4164.55,4150.37,4162.5,1266
390,2025-11-26 04:30:00+00:00,4162.8,4166.47,4158.53,4161.96,1335
391,2025-11-26 04:45:00+00:00,4161.94,4166.79,4161.44,4161.64,1218
392,2025-11-26 05:00:00+00:00,4161.94,4169.02,4160.37,4165.45,1234
393,2025-11-26 05:15:00+00:00,4165.49,4166.04,4163.14,4164.23,1052
394,2025-11-26 05:30:00+00:00,4164.24,4167.48,4163.16,4165.9,1051
395,2025-11-26 05:45:00+00:00,4165.94,4169.35,4164.23,4165.98,1068
396,2025-11-26 06:00:00+00:00,4166.08,4167.09,4159.77,4161.77,1051
397,2025-11-26 06:15:00+00:00,4162.04,4162.31,4156.92,4157.3,1023
398,2025-11-26 06:30:00+00:00,4157.51,4161.01,4156.6,4160.3,988
399,2025-11-26 06:45:00+00:00,4160.29,4162.75,4157.78,4161.98,1041
400,2025-11-26 07:00:00+00:00,4162.19,4166.53,4160.82,4166.15,1045
401,2025-11-26 07:15:00+00:00,4166.22,4168.53,4164.43,4166.89,1106
402,2025-11-26 07:30:00+00:00,4166.88,4167.45,4160.3,4162.7,1208
403,2025-11-26 07:45:00+00:00,4162.6,4165.02,4161.05,4162.25,1029
404,2025-11-26 08:00:00+00:00,4162.12,4162.83,4157.32,4157.53,1191
405,2025-11-26 08:15:00+00:00,4157.58,4159.89,4153.09,4158.29,1265
406,2025-11-26 08:30:00+00:00,4158.24,4158.29,4146.6,4150.94,1234
407,2025-11-26 08:45:00+00:00,4150.91,4153.86,4148.78,4150.11,1138
408,2025-11-26 09:00:00+00:00,4150.12,4154.78,4149.23,4153.4,1128
409,2025-11-26 09:15:00+00:00,4153.4,4154.21,4149.92,4151.99,1033
410,2025-11-26 09:30:00+00:00,4151.98,4156.61,4151.03,4155.31,1101
411,2025-11-26 09:45:00+00:00,4155.51,4161.18,4155.1,4157.32,1111
412,2025-11-26 10:00:00+00:00,4157.34,4167.36,4156.89,4165.83,1248
413,2025-11-26 10:15:00+00:00,4165.82,4168.46,4164.78,4166.8,1171
414,2025-11-26 10:30:00+00:00,4166.57,4167.26,4155.98,4157.99,1226
415,2025-11-26 10:45:00+00:00,4158.02,4162.57,4154.96,4161.08,1242
416,2025-11-26 11:00:00+00:00,4161.14,4164.62,4157.69,4158.38,1151
417,2025-11-26 11:15:00+00:00,4158.35,4163.33,4156.78,4162.86,1155
418,2025-11-26 11:30:00+00:00,4163.04,4163.89,4160.01,4160.01,1074
419,2025-11-26 11:45:00+00:00,4160.17,4162.72,4157.81,4162.72,1181
420,2025-11-26 12:00:00+00:00,4162.81,4165.14,4161.57,4164.04,1140
421,2025-11-26 12:15:00+00:00,4163.85,4165.03,4160.25,4163.36,1097
422,2025-11-26 12:30:00+00:00,4162.96,4162.98,4156.61,4158.19,1152
423,2025-11-26 12:45:00+00:00,4158.21,4160.41,4156.11,4159.88,1045
424,2025-11-26 13:00:00+00:00,4159.96,4161.03,4157.74,4160.04,1012
425,2025-11-26 13:15:00+00:00,4159.94,4164.95,4159.94,4164.88,1100
426,2025-11-26 13:30:00+00:00,4164.87,4172.56,4164.8,4171.1,1243
427,2025-11-26 13:45:00+00:00,4171.27,4173.05,4166.18,4171.63,1251
428,2025-11-26 14:00:00+00:00,4171.68,4173.45,4167.9,4171.03,1292
429,2025-11-26 14:15:00+00:00,4171.06,4171.1,4159.69,4161.92,1200
430,2025-11-26 14:30:00+00:00,4162.03,4163.81,4155.82,4158.3,1318
431,2025-11-26 14:45:00+00:00,4158.14,4158.73,4149.04,4155.16,1319
432,2025-11-26 15:00:00+00:00,4155.14,4163.74,4153.28,4159.47,1334
433,2025-11-26 15:15:00+00:00,4159.41,4166.67,4157.6,4165.01,1308
434,2025-11-26 15:30:00+00:00,4165.26,4165.26,4153.39,4153.88,1413
435,2025-11-26 15:45:00+00:00,4153.81,4156.8,4149.21,4153.16,1370
436,2025-11-26 16:00:00+00:00,4153.3,4157.04,4139.92,4147.23,1378
437,2025-11-26 16:15:00+00:00,4147.33,4149.41,4141.9,4142.04,1304
438,2025-11-26 16:30:00+00:00,4141.85,4154.12,4141.85,4149.18,1429
439,2025-11-26 16:45:00+00:00,4149.12,4152.38,4142.02,4142.26,1430
440,2025-11-26 17:00:00+00:00,4141.13,4152.17,4136.7,4152.13,1467
441,2025-11-26 17:15:00+00:00,4152.01,4158.25,4152.01,4156.79,1398
442,2025-11-26 17:30:00+00:00,4156.68,4163.76,4155.66,4162.13,1387
443,2025-11-26 17:45:00+00:00,4162.05,4165.67,4158.04,4165.2,1356
444,2025-11-26 18:00:00+00:00,4165.45,4165.63,4160.81,4162.28,1304
445,2025-11-26 18:15:00+00:00,4162.13,4164.98,4161.72,4162.03,1279
446,2025-11-26 18:30:00+00:00,4161.99,4168.38,4161.12,4167.24,1268
447,2025-11-26 18:45:00+00:00,4167.22,4168.25,4164.57,4167.02,1268
448,2025-11-26 19:00:00+00:00,4167.02,4168.25,4165.19,4165.82,1137
449,2025-11-26 19:15:00+00:00,4165.88,4169.61,4165.06,4167.78,1213
450,2025-11-26 19:30:00+00:00,4167.84,4169.09,4165.64,4168.85,1229
451,2025-11-26 19:45:00+00:00,4168.93,4169.54,4165.84,4167.18,1134
452,2025-11-26 20:00:00+00:00,4167.21,4171.64,4167.05,4170.94,1262
453,2025-11-26 20:15:00+00:00,4171.08,4171.27,4167.07,4167.98,1242
454,2025-11-26 20:30:00+00:00,4167.88,4168.65,4158.49,4159.41,1347
455,2025-11-26 20:45:00+00:00,4159.35,4165.15,4157.96,4164.65,1189
456,2025-11-26 21:00:00+00:00,4164.64,4168.93,4164.1,4166.74,1122
457,2025-11-26 21:15:00+00:00,4166.71,4170.05,4166.24,4167.51,1019
458,2025-11-26 21:30:00+00:00,4167.54,4168.28,4162.48,4163.61,1052
459,2025-11-26 21:45:00+00:00,4163.79,4166.09,4162.48,4163.28,1112
460,2025-11-26 22:00:00+00:00,4163.27,4166.0,4161.32,4164.55,1105
461,2025-11-26 22:15:00+00:00,4164.55,4167.43,4164.44,4165.21,987
462,2025-11-26 22:30:00+00:00,4165.14,4167.43,4163.98,4166.43,1082
463,2025-11-26 22:45:00+00:00,4166.44,4167.11,4161.8,4164.07,1250
464,2025-11-26 23:00:00+00:00,4164.02,4164.08,4162.2,4163.53,692
465,2025-11-26 23:15:00+00:00,4163.55,4164.92,4162.49,4163.95,636
466,2025-11-26 23:30:00+00:00,4163.77,4167.58,4162.85,4164.63,620
467,2025-11-26 23:45:00+00:00,4164.76,4165.65,4163.17,4163.65,561
468,2025-11-27 01:00:00+00:00,4163.05,4168.86,4162.49,4166.91,796
469,2025-11-27 01:15:00+00:00,4166.85,4168.34,4163.71,4164.41,513
470,2025-11-27 01:30:00+00:00,4164.43,4165.22,4162.53,4165.11,677
471,2025-11-27 01:45:00+00:00,4165.1,4167.97,4164.76,4164.96,712
472,2025-11-27 02:00:00+00:00,4164.85,4167.36,4162.49,4165.13,975
473,2025-11-27 02:15:00+00:00,4165.14,4167.09,4163.69,4166.32,537
474,2025-11-27 02:30:00+00:00,4166.5,4166.98,4164.51,4165.68,613
475,2025-11-27 02:45:00+00:00,4165.78,4165.78,4162.04,4164.63,737
476,2025-11-27 03:00:00+00:00,4164.57,4165.19,4156.94,4157.66,1284
477,2025-11-27 03:15:00+00:00,4157.58,4159.05,4148.94,4153.69,1372
478,2025-11-27 03:30:00+00:00,4153.71,4156.48,4151.57,4152.38,1208
479,2025-11-27 03:45:00+00:00,4152.35,4154.36,4148.74,4154.25,1166
480,2025-11-27 04:00:00+00:00,4154.63,4156.15,4150.79,4152.95,1130
481,2025-11-27 04:15:00+00:00,4152.96,4154.35,4149.53,4152.84,923
482,2025-11-27 04:30:00+00:00,4152.88,4154.92,4149.48,4153.0,1068
483,2025-11-27 04:45:00+00:00,4153.02,4154.98,4144.56,4145.34,1177
484,2025-11-27 05:00:00+00:00,4145.37,4149.21,4144.17,4148.18,1131
485,2025-11-27 05:15:00+00:00,4148.24,4150.58,4147.63,4148.18,891
486,2025-11-27 05:30:00+00:00,4148.01,4149.81,4146.79,4147.99,903
487,2025-11-27 05:45:00+00:00,4148.13,4149.75,4145.95,4147.42,911
488,2025-11-27 06:00:00+00:00,4147.27,4147.82,4142.58,4147.14,1075
489,2025-11-27 06:15:00+00:00,4147.3,4149.71,4146.28,4149.61,844
490,2025-11-27 06:30:00+00:00,4149.61,4154.65,4149.58,4152.09,966
491,2025-11-27 06:45:00+00:00,4152.06,4154.46,4149.3,4150.93,982
492,2025-11-27 07:00:00+00:00,4150.92,4154.6,4150.92,4152.85,864
493,2025-11-27 07:15:00+00:00,4152.72,4154.17,4150.57,4152.77,915
494,2025-11-27 07:30:00+00:00,4152.76,4153.5,4148.17,4148.33,1044
495,2025-11-27 07:45:00+00:00,4148.24,4148.87,4144.84,4147.23,1066
496,2025-11-27 08:00:00+00:00,4147.25,4154.6,4147.14,4153.36,1142
497,2025-11-27 08:15:00+00:00,4153.28,4156.97,4152.45,4156.84,1213
498,2025-11-27 08:30:00+00:00,4156.88,4157.94,4153.44,4153.94,1186
499,2025-11-27 08:45:00+00:00,4153.96,4159.18,4152.9,4157.44,1181
500,2025-11-27 09:00:00+00:00,4157.4,4161.08,4155.59,4161.08,1066
501,2025-11-27 09:15:00+00:00,4161.06,4162.09,4158.96,4159.29,1222
502,2025-11-27 09:30:00+00:00,4159.33,4160.46,4157.48,4158.9,1180
503,2025-11-27 09:45:00+00:00,4158.99,4160.25,4158.01,4160.14,1149
504,2025-11-27 10:00:00+00:00,4160.21,4164.48,4159.74,4163.42,1253
505,2025-11-27 10:15:00+00:00,4163.42,4165.55,4161.77,4165.05,1253
506,2025-11-27 10:30:00+00:00,4165.05,4166.38,4163.36,4163.5,1126
507,2025-11-27 10:45:00+00:00,4163.47,4167.19,4163.22,4165.78,1108
508,2025-11-27 11:00:00+00:00,4165.69,4165.69,4154.39,4155.25,1250
509,2025-11-27 11:15:00+00:00,4155.25,4157.02,4148.48,4154.82,1338
510,2025-11-27 11:30:00+00:00,4154.85,4157.76,4153.1,4157.3,1116
511,2025-11-27 11:45:00+00:00,4157.38,4160.57,4155.63,4158.7,1125
512,2025-11-27 12:00:00+00:00,4159.09,4160.53,4155.77,4156.1,1166
513,2025-11-27 12:15:00+00:00,4156.13,4156.99,4153.04,4153.04,1120
514,2025-11-27 12:30:00+00:00,4152.35,4155.44,4152.35,4153.95,1024
515,2025-11-27 12:45:00+00:00,4153.99,4157.09,4153.32,4156.51,1004
516,2025-11-27 13:00:00+00:00,4156.36,4159.62,4155.79,4157.65,1056
517,2025-11-27 13:15:00+00:00,4157.96,4159.74,4156.44,4158.83,1028
518,2025-11-27 13:30:00+00:00,4158.86,4162.43,4158.36,4160.81,1043
519,2025-11-27 13:45:00+00:00,4160.78,4162.23,4157.33,4157.4,1054
520,2025-11-27 14:00:00+00:00,4157.41,4159.18,4156.0,4157.7,919
521,2025-11-27 14:15:00+00:00,4157.85,4158.73,4155.86,4156.9,815
522,2025-11-27 14:30:00+00:00,4156.89,4158.5,4154.8,4155.87,916
523,2025-11-27 14:45:00+00:00,4155.86,4158.52,4153.75,4154.01,1019
524,2025-11-27 15:00:00+00:00,4154.03,4154.23,4149.26,4151.29,1304
525,2025-11-27 15:15:00+00:00,4151.15,4153.69,4149.47,4152.39,1273
526,2025-11-27 15:30:00+00:00,4152.38,4158.01,4152.03,4155.98,1249
527,2025-11-27 15:45:00+00:00,4155.99,4156.73,4152.78,4154.93,1154
528,2025-11-27 16:00:00+00:00,4155.05,4158.67,4153.93,4158.18,1170
529,2025-11-27 16:15:00+00:00,4158.17,4160.62,4157.11,4157.33,1154
530,2025-11-27 16:30:00+00:00,4157.45,4159.01,4152.81,4157.42,1207
531,2025-11-27 16:45:00+00:00,4157.51,4159.08,4153.22,4153.31,1246
532,2025-11-27 17:00:00+00:00,4153.14,4158.48,4153.14,4157.27,1153
533,2025-11-27 17:15:00+00:00,4157.35,4161.81,4157.2,4161.0,1072
534,2025-11-27 17:30:00+00:00,4161.01,4161.01,4158.31,4159.91,1079
535,2025-11-27 17:45:00+00:00,4159.75,4160.78,4157.07,4157.98,1108
536,2025-11-27 18:00:00+00:00,4157.98,4158.37,4153.57,4155.49,1117
537,2025-11-27 18:15:00+00:00,4155.55,4155.87,4151.43,4154.32,1039
538,2025-11-27 18:30:00+00:00,4154.31,4155.73,4154.07,4155.23,772
539,2025-11-27 18:45:00+00:00,4155.22,4157.79,4154.68,4156.38,800
540,2025-11-27 19:00:00+00:00,4156.39,4157.36,4154.8,4155.28,608
541,2025-11-27 19:15:00+00:00,4155.12,4157.07,4154.63,4156.7,718
542,2025-11-27 19:30:00+00:00,4156.66,4158.0,4156.44,4157.45,725
543,2025-11-27 19:45:00+00:00,4157.43,4159.21,4157.06,4157.72,714
544,2025-11-27 20:00:00+00:00,4157.71,4158.42,4156.26,4156.88,611
545,2025-11-27 20:15:00+00:00,4156.94,4157.72,4155.76,4156.24,599
546,2025-11-27 20:30:00+00:00,4156.25,4158.06,4156.19,4157.35,500
547,2025-11-27 20:45:00+00:00,4157.34,4159.77,4157.24,4159.2,611
548,2025-11-27 21:00:00+00:00,4159.19,4160.38,4159.11,4159.61,619
549,2025-11-27 21:15:00+00:00,4159.63,4159.99,4157.13,4157.13,526
550,2025-11-27 21:30:00+00:00,4156.82,4156.82,4156.82,4156.82,9
551,2025-11-27 21:45:00+00:00,4156.82,4156.82,4156.82,4156.82,8
552,2025-11-27 22:00:00+00:00,4156.82,4156.82,4156.31,4156.31,51
553,2025-11-27 22:15:00+00:00,4156.36,4156.89,4156.18,4156.26,32
554,2025-11-27 22:30:00+00:00,4156.26,4156.35,4156.26,4156.35,12
555,2025-11-27 22:45:00+00:00,4156.35,4156.35,4156.26,4156.26,14
556,2025-11-27 23:00:00+00:00,4156.26,4156.4,4156.26,4156.28,9
557,2025-11-27 23:15:00+00:00,4156.28,4156.42,4156.26,4156.32,25
558,2025-11-27 23:30:00+00:00,4156.32,4156.77,4156.28,4156.31,27
559,2025-11-27 23:45:00+00:00,4156.31,4156.31,4154.36,4155.27,20
560,2025-11-28 01:00:00+00:00,4158.28,4162.97,4157.95,4162.7,624
561,2025-11-28 01:15:00+00:00,4162.77,4163.32,4160.93,4162.65,584
562,2025-11-28 01:30:00+00:00,4162.7,4163.77,4161.94,4162.8,597
563,2025-11-28 01:45:00+00:00,4162.73,4164.04,4162.46,4163.32,650
564,2025-11-28 02:00:00+00:00,4163.42,4168.64,4163.1,4167.91,1030
565,2025-11-28 02:15:00+00:00,4167.86,4171.71,4166.67,4170.65,1041
566,2025-11-28 02:30:00+00:00,4170.73,4182.81,4170.56,4178.99,1365
567,2025-11-28 02:45:00+00:00,4179.0,4182.51,4178.12,4180.58,1160
568,2025-11-28 03:00:00+00:00,4180.57,4191.61,4180.57,4186.34,1368
569,2025-11-28 03:15:00+00:00,4186.25,4189.79,4183.1,4187.29,1262
570,2025-11-28 03:30:00+00:00,4186.97,4193.0,4186.16,4192.48,1179
571,2025-11-28 03:45:00+00:00,4192.47,4192.94,4190.12,4191.09,1105
572,2025-11-28 04:00:00+00:00,4191.08,4191.15,4187.15,4189.52,1212
573,2025-11-28 04:15:00+00:00,4189.39,4191.96,4188.67,4189.97,965
574,2025-11-28 04:30:00+00:00,4190.0,4190.54,4185.77,4187.87,1185
575,2025-11-28 04:45:00+00:00,4187.7,4189.87,4187.23,4189.53,848
576,2025-11-28 05:00:00+00:00,4189.42,4191.71,4184.71,4187.82,541
577,2025-11-28 05:15:00+00:00,4188.01,4188.01,4186.02,4187.81,509
578,2025-11-28 05:30:00+00:00,4188.26,4189.18,4183.24,4183.46,662
579,2025-11-28 05:45:00+00:00,4183.45,4185.64,4182.9,4184.24,598
580,2025-11-28 06:00:00+00:00,4184.23,4187.21,4182.64,4186.28,862
581,2025-11-28 06:15:00+00:00,4186.37,4186.69,4178.56,4181.16,833
582,2025-11-28 06:30:00+00:00,4180.93,4186.31,4178.9,4185.95,751
583,2025-11-28 06:45:00+00:00,4185.94,4188.67,4185.91,4188.4,533
584,2025-11-28 07:00:00+00:00,4188.37,4188.95,4172.66,4182.89,879
585,2025-11-28 07:15:00+00:00,4182.89,4187.95,4177.36,4185.04,855
586,2025-11-28 07:30:00+00:00,4184.96,4185.76,4183.39,4185.11,224
587,2025-11-28 07:45:00+00:00,4185.11,4185.73,4181.99,4182.68,135
588,2025-11-28 08:00:00+00:00,4182.21,4183.66,4181.24,4183.49,152
589,2025-11-28 08:15:00+00:00,4183.24,4184.74,4181.99,4184.49,145
590,2025-11-28 08:30:00+00:00,4184.49,4187.99,4184.49,4187.24,114
591,2025-11-28 08:45:00+00:00,4187.24,4188.49,4186.74,4186.99,163
592,2025-11-28 09:00:00+00:00,4187.24,4187.49,4184.24,4185.24,130
593,2025-11-28 09:15:00+00:00,4185.24,4186.24,4181.74,4182.24,102
594,2025-11-28 09:30:00+00:00,4182.24,4182.99,4178.24,4178.49,251
595,2025-11-28 09:45:00+00:00,4178.24,4178.49,4173.38,4174.83,184
596,2025-11-28 10:00:00+00:00,4174.49,4176.49,4168.98,4172.24,80
597,2025-11-28 10:15:00+00:00,4165.41,4167.48,4153.9,4158.24,60
598,2025-11-28 10:30:00+00:00,4159.83,4170.18,4154.9,4158.0,80
599,2025-11-28 10:45:00+00:00,4159.39,4173.18,4154.0,4164.56,34
600,2025-11-28 11:00:00+00:00,4167.09,4167.93,4159.81,4162.49,291
601,2025-11-28 11:15:00+00:00,4156.9,4165.43,4155.9,4160.96,188
602,2025-11-28 11:30:00+00:00,4156.98,4165.99,4156.39,4163.11,98
603,2025-11-28 11:45:00+00:00,4163.11,4166.25,4161.86,4165.33,71
604,2025-11-28 12:00:00+00:00,4165.43,4175.3,4165.35,4172.78,729
605,2025-11-28 12:15:00+00:00,4172.98,4178.48,4167.58,4168.56,1017
606,2025-11-28 12:30:00+00:00,4168.58,4170.09,4160.77,4166.09,1033
607,2025-11-28 12:45:00+00:00,4166.29,4170.41,4162.47,4163.84,754
608,2025-11-28 13:00:00+00:00,4163.84,4173.85,4162.89,4171.8,959
609,2025-11-28 13:15:00+00:00,4171.85,4179.91,4171.75,4174.13,913
610,2025-11-28 13:30:00+00:00,4174.23,4177.38,4173.58,4174.48,1107
611,2025-11-28 13:45:00+00:00,4174.63,4175.99,4171.99,4171.99,900
612,2025-11-28 14:00:00+00:00,4171.99,4178.17,4168.93,4176.89,722
613,2025-11-28 14:15:00+00:00,4176.89,4177.84,4171.72,4174.65,515
614,2025-11-28 14:30:00+00:00,4174.67,4175.52,4173.42,4174.77,486
615,2025-11-28 14:45:00+00:00,4174.74,4177.07,4173.97,4176.52,575
616,2025-11-28 15:00:00+00:00,4176.42,4178.48,4172.14,4173.34,619
617,2025-11-28 15:15:00+00:00,4173.02,4174.03,4168.65,4170.43,589
618,2025-11-28 15:30:00+00:00,4170.31,4178.1,4169.36,4173.45,704
619,2025-11-28 15:45:00+00:00,4173.95,4182.85,4171.82,4182.55,917
620,2025-11-28 16:00:00+00:00,4182.9,4191.83,4182.7,4191.63,1212
621,2025-11-28 16:15:00+00:00,4191.7,4199.98,4190.65,4196.54,1318
622,2025-11-28 16:30:00+00:00,4196.76,4208.62,4194.79,4199.53,1358
623,2025-11-28 16:45:00+00:00,4199.28,4202.6,4194.81,4198.18,1383
624,2025-11-28 17:00:00+00:00,4198.13,4198.7,4185.75,4189.51,1341
625,2025-11-28 17:15:00+00:00,4189.52,4197.76,4185.9,4196.6,1419
626,2025-11-28 17:30:00+00:00,4196.97,4198.64,4193.89,4197.44,1419
627,2025-11-28 17:45:00+00:00,4197.19,4203.94,4196.28,4203.58,1372
628,2025-11-28 18:00:00+00:00,4203.79,4206.0,4197.47,4199.78,1402
629,2025-11-28 18:15:00+00:00,4199.67,4211.29,4198.99,4209.56,1413
630,2025-11-28 18:30:00+00:00,4209.46,4210.81,4202.48,4206.27,1362
631,2025-11-28 18:45:00+00:00,4206.29,4209.39,4204.97,4206.23,1297
632,2025-11-28 19:00:00+00:00,4207.3,4211.43,4204.31,4207.17,1403
633,2025-11-28 19:15:00+00:00,4207.16,4208.86,4205.45,4206.7,1307
634,2025-11-28 19:30:00+00:00,4206.24,4212.36,4206.2,4212.01,1343
635,2025-11-28 19:45:00+00:00,4212.02,4216.88,4210.84,4216.88,1374
636,2025-11-28 20:00:00+00:00,4216.49,4217.35,4211.02,4215.27,1330
637,2025-11-28 20:15:00+00:00,4215.34,4221.17,4214.62,4220.05,1193
638,2025-11-28 20:30:00+00:00,4220.12,4226.62,4218.87,4221.74,1126
639,2025-11-28 20:45:00+00:00,4221.43,4223.57,4219.53,4220.4,888
640,2025-11-28 21:00:00+00:00,4220.39,4222.1,4218.68,4219.13,1018
641,2025-11-28 21:15:00+00:00,4219.13,4219.63,4216.18,4217.8,858
642,2025-11-28 21:30:00+00:00,4217.71,4221.25,4216.87,4219.09,943
